ProteinID,Site,Peptide,Start,End,Length,Sequon,PredictedMass,Hydrophobicity,pI
VP8_SA11,115,APTTPGVIVEGTNNTDRW,103,120,18,NNT,1926.9435250000001,-0.63889,3.97
VP8_SA11,216,DSVNMTAF,213,220,8,NMT,883.3745650000001,0.275,2.98
VP8_SA11,74,GPGEINDSTTVGPL,69,82,14,NDS,1355.656845,-0.32857,2.91
VP8_SA11,167,IDVVKTTANGSIGQY,159,173,15,NGS,1564.809665,0.03333,6.55
VP8_SA11,134,IEPNVQSENRTY,126,137,12,NRT,1448.6895650000001,-1.475,4.26
VP8_SA11,50,SDEIQEIGSTKSQNVTINPGPF,37,58,22,NVT,2360.149555,-0.71364,3.75
VP8_SA11,150,TVSNTSQDQW,147,156,10,NTS,1164.504735,-1.37,2.98
